threshold,precision,recall,f1,accuracy,specificity,fpr,fnr,tn,fp,fn,tp,total_cost,model,calibration
0.05,0.2527313624678663,0.9650306748466257,0.4005602240896359,0.4115,0.2698587127158556,0.7301412872841444,0.03496932515337423,1719,4651,57,1573,4936.0,HistGradientBoosting+sigmoid,sigmoid
0.06,0.2677766215747485,0.947239263803681,0.41752298539751215,0.4615,0.3372056514913658,0.6627943485086343,0.05276073619631902,2148,4222,86,1544,4652.0,HistGradientBoosting+sigmoid,sigmoid
0.07,0.2766460531102219,0.9331288343558283,0.42676767676767674,0.48925,0.3756671899529042,0.6243328100470957,0.06687116564417178,2393,3977,109,1521,4522.0,HistGradientBoosting+sigmoid,sigmoid
0.08,0.28458199660313266,0.9251533742331288,0.4352720450281426,0.510875,0.4048665620094192,0.5951334379905808,0.07484662576687116,2579,3791,122,1508,4401.0,HistGradientBoosting+sigmoid,sigmoid
0.09,0.29447611558875564,0.9190184049079755,0.4460324549650141,0.534875,0.43657770800627943,0.5634222919937206,0.08098159509202454,2781,3589,132,1498,4249.0,HistGradientBoosting+sigmoid,sigmoid
0.1,0.29939516129032256,0.911042944785276,0.4506828528072837,0.5475,0.45447409733124017,0.5455259026687598,0.08895705521472393,2895,3475,145,1485,4200.0,HistGradientBoosting+sigmoid,sigmoid
0.11,0.31082858395440593,0.8699386503067484,0.4580103359173126,0.5805,0.506436420722135,0.493563579277865,0.13006134969325153,3226,3144,212,1418,4204.0,HistGradientBoosting+sigmoid,sigmoid
0.12,0.3278959810874704,0.850920245398773,0.47337883959044363,0.61425,0.5536891679748822,0.4463108320251178,0.149079754601227,3527,2843,243,1387,4058.0,HistGradientBoosting+sigmoid,sigmoid
0.13,0.34845360824742266,0.8294478527607362,0.4907441016333938,0.64925,0.6031397174254317,0.3968602825745683,0.1705521472392638,3842,2528,278,1352,3918.0,HistGradientBoosting+sigmoid,sigmoid
0.14,0.37355990783410137,0.7957055214723926,0.5084280674245394,0.6865,0.6585557299843015,0.34144427001569855,0.20429447852760735,4195,2175,333,1297,3840.0,HistGradientBoosting+sigmoid,sigmoid
0.15,0.3849908480780964,0.7742331288343558,0.5142624286878565,0.702,0.6835164835164835,0.31648351648351647,0.22576687116564417,4354,2016,368,1262,3856.0,HistGradientBoosting+sigmoid,sigmoid
0.16,0.3954891994917408,0.7638036809815951,0.52113855169527,0.714,0.7012558869701727,0.2987441130298273,0.2361963190184049,4467,1903,385,1245,3828.0,HistGradientBoosting+sigmoid,sigmoid
0.17,0.4139821795750514,0.7411042944785277,0.5312225153913808,0.7335,0.7315541601255887,0.2684458398744113,0.2588957055214724,4660,1710,422,1208,3820.0,HistGradientBoosting+sigmoid,sigmoid
0.18,0.42593263310394786,0.7214723926380369,0.5356410840355271,0.745125,0.7511773940345369,0.24882260596546313,0.2785276073619632,4785,1585,454,1176,3855.0,HistGradientBoosting+sigmoid,sigmoid
0.19,0.4359263434798948,0.7116564417177914,0.5406665113027266,0.753625,0.7643642072213501,0.23563579277864988,0.2883435582822086,4869,1501,470,1160,3851.0,HistGradientBoosting+sigmoid,sigmoid
0.2,0.4434546862896979,0.7024539877300614,0.5436847103513771,0.75975,0.7744113029827315,0.22558869701726847,0.29754601226993865,4933,1437,485,1145,3862.0,HistGradientBoosting+sigmoid,sigmoid
0.21,0.4514081713605712,0.698159509202454,0.548301614068899,0.765625,0.7828885400313972,0.21711145996860282,0.301840490797546,4987,1383,492,1138,3843.0,HistGradientBoosting+sigmoid,sigmoid
0.22,0.4564686737184703,0.6883435582822086,0.5489236790606654,0.7695,0.7902668759811617,0.20973312401883826,0.3116564417177914,5034,1336,508,1122,3876.0,HistGradientBoosting+sigmoid,sigmoid
0.23,0.47145328719723184,0.6687116564417178,0.5530187721968544,0.77975,0.8081632653061225,0.19183673469387752,0.3312883435582822,5148,1222,540,1090,3922.0,HistGradientBoosting+sigmoid,sigmoid
0.24,0.49402199904351984,0.6337423312883436,0.555227089492072,0.793125,0.8339089481946624,0.16609105180533756,0.36625766871165644,5312,1058,597,1033,4043.0,HistGradientBoosting+sigmoid,sigmoid
0.25,0.5109526235354049,0.6153374233128834,0.5583078207625939,0.801625,0.8492935635792779,0.15070643642072212,0.38466257668711656,5410,960,627,1003,4095.0,HistGradientBoosting+sigmoid,sigmoid
0.26,0.5290918977705275,0.5969325153374233,0.5609685788411646,0.809625,0.8640502354788069,0.13594976452119312,0.4030674846625767,5504,866,657,973,4151.0,HistGradientBoosting+sigmoid,sigmoid
0.27,0.5504694835680751,0.5754601226993865,0.5626874625074985,0.81775,0.8797488226059654,0.12025117739403457,0.4245398773006135,5604,766,692,938,4226.0,HistGradientBoosting+sigmoid,sigmoid
0.28,0.5617433414043583,0.5693251533742332,0.5655088360755637,0.82175,0.8863422291993721,0.11365777080062789,0.4306748466257669,5646,724,702,928,4234.0,HistGradientBoosting+sigmoid,sigmoid
0.29,0.5741565881604074,0.5533742331288344,0.563573883161512,0.825375,0.8949764521193092,0.10502354788069079,0.4466257668711656,5701,669,728,902,4309.0,HistGradientBoosting+sigmoid,sigmoid
0.3,0.5849180327868853,0.5472392638036809,0.5654516640253565,0.828625,0.9006279434850863,0.09937205651491365,0.452760736196319,5737,633,738,892,4323.0,HistGradientBoosting+sigmoid,sigmoid
0.31,0.5927662424648359,0.5429447852760736,0.5667627281460135,0.830875,0.904552590266876,0.09544740973312404,0.4570552147239264,5762,608,745,885,4333.0,HistGradientBoosting+sigmoid,sigmoid
0.32,0.5968834688346883,0.5404907975460123,0.5672891178364456,0.832,0.9065934065934066,0.09340659340659341,0.45950920245398774,5775,595,749,881,4340.0,HistGradientBoosting+sigmoid,sigmoid
0.33,0.5978260869565217,0.5398773006134969,0.5673758865248226,0.83225,0.9070643642072214,0.09293563579277864,0.4601226993865031,5778,592,750,880,4342.0,HistGradientBoosting+sigmoid,sigmoid
0.34,0.5991820040899796,0.5392638036809816,0.5676461091378754,0.832625,0.9076923076923077,0.09230769230769231,0.4607361963190184,5782,588,751,879,4343.0,HistGradientBoosting+sigmoid,sigmoid
0.35,0.6015141087405368,0.5361963190184049,0.5669802140771975,0.833125,0.909105180533752,0.090894819466248,0.4638036809815951,5791,579,756,874,4359.0,HistGradientBoosting+sigmoid,sigmoid
0.36,0.6044568245125348,0.5325153374233129,0.5662100456621004,0.83375,0.9108320251177394,0.08916797488226058,0.46748466257668714,5802,568,762,868,4378.0,HistGradientBoosting+sigmoid,sigmoid
0.37,0.607773851590106,0.5276073619631901,0.5648604269293924,0.834375,0.9128728414442701,0.08712715855572994,0.4723926380368098,5815,555,770,860,4405.0,HistGradientBoosting+sigmoid,sigmoid
0.38,0.6149383611312546,0.5202453987730061,0.5636424061149884,0.835875,0.9166405023547881,0.08335949764521189,0.47975460122699387,5839,531,782,848,4441.0,HistGradientBoosting+sigmoid,sigmoid
0.39,0.6193308550185873,0.5110429447852761,0.5599999999999999,0.836375,0.9196232339089482,0.08037676609105182,0.48895705521472393,5858,512,797,833,4497.0,HistGradientBoosting+sigmoid,sigmoid
0.4,0.625,0.5061349693251533,0.559322033898305,0.8375,0.9222919937205651,0.07770800627943486,0.4938650306748466,5875,495,805,825,4520.0,HistGradientBoosting+sigmoid,sigmoid
0.41,0.6322282189668466,0.5030674846625767,0.5603006491288007,0.839125,0.9251177394034537,0.07488226059654635,0.49693251533742333,5893,477,810,820,4527.0,HistGradientBoosting+sigmoid,sigmoid
0.42,0.6341463414634146,0.49447852760736194,0.5556704584625991,0.838875,0.9270015698587127,0.07299843014128726,0.505521472392638,5905,465,824,806,4585.0,HistGradientBoosting+sigmoid,sigmoid
0.43,0.6352848101265823,0.49263803680981594,0.5549412577747064,0.839,0.9276295133437991,0.07237048665620094,0.507361963190184,5909,461,827,803,4596.0,HistGradientBoosting+sigmoid,sigmoid
0.44,0.6426839126919968,0.48773006134969327,0.5545866759679107,0.840375,0.9306122448979591,0.06938775510204087,0.5122699386503068,5928,442,835,795,4617.0,HistGradientBoosting+sigmoid,sigmoid
0.45,0.6472995090016367,0.4852760736196319,0.5546984572230014,0.84125,0.9323390894819467,0.06766091051805334,0.5147239263803681,5939,431,839,791,4626.0,HistGradientBoosting+sigmoid,sigmoid
0.46,0.6479338842975206,0.48098159509202454,0.5521126760563381,0.841,0.9331240188383045,0.06687598116169546,0.5190184049079755,5944,426,846,784,4656.0,HistGradientBoosting+sigmoid,sigmoid
0.47,0.6544368600682594,0.4705521472392638,0.5474660956459672,0.8415,0.9364207221350078,0.06357927786499218,0.5294478527607362,5965,405,863,767,4720.0,HistGradientBoosting+sigmoid,sigmoid
0.48,0.6593115622241836,0.4582822085889571,0.5407166123778502,0.841375,0.939403453689168,0.060596546310832,0.5417177914110429,5984,386,883,747,4801.0,HistGradientBoosting+sigmoid,sigmoid
0.49,0.6623735050597976,0.44171779141104295,0.5299963194700036,0.840375,0.9423861852433281,0.05761381475667193,0.558282208588957,6003,367,910,720,4917.0,HistGradientBoosting+sigmoid,sigmoid
0.5,0.6654099905749293,0.4331288343558282,0.5247120029728726,0.840125,0.9442700156985872,0.05572998430141285,0.5668711656441717,6015,355,924,706,4975.0,HistGradientBoosting+sigmoid,sigmoid
0.51,0.6721470019342359,0.4263803680981595,0.5217717717717718,0.84075,0.9467817896389324,0.05321821036106755,0.5736196319018405,6031,339,935,695,5014.0,HistGradientBoosting+sigmoid,sigmoid
0.52,0.6751219512195122,0.4245398773006135,0.5212806026365349,0.841125,0.947723704866562,0.05227629513343801,0.5754601226993865,6037,333,938,692,5023.0,HistGradientBoosting+sigmoid,sigmoid
0.53,0.6752730883813307,0.4171779141104294,0.5157375805839969,0.840375,0.9486656200941915,0.05133437990580847,0.5828220858895705,6043,327,950,680,5077.0,HistGradientBoosting+sigmoid,sigmoid
0.54,0.6757028112449799,0.4128834355828221,0.5125666412795125,0.84,0.9492935635792779,0.050706436420722145,0.587116564417178,6047,323,957,673,5108.0,HistGradientBoosting+sigmoid,sigmoid
0.55,0.680628272251309,0.3987730061349693,0.5029013539651838,0.839375,0.9521193092621664,0.04788069073783363,0.6012269938650306,6065,305,980,650,5205.0,HistGradientBoosting+sigmoid,sigmoid
0.56,0.6867469879518072,0.38466257668711656,0.49311836413684623,0.838875,0.9551020408163265,0.04489795918367345,0.6153374233128834,6084,286,1003,627,5301.0,HistGradientBoosting+sigmoid,sigmoid
0.57,0.6935672514619883,0.3638036809815951,0.47726358148893366,0.837625,0.9588697017268446,0.0411302982731554,0.6361963190184049,6108,262,1037,593,5447.0,HistGradientBoosting+sigmoid,sigmoid
0.58,0.6958698372966208,0.3411042944785276,0.45780156442980646,0.835375,0.9618524332810047,0.03814756671899533,0.6588957055214724,6127,243,1074,556,5613.0,HistGradientBoosting+sigmoid,sigmoid
0.59,0.7071524966261808,0.3214723926380368,0.4420075917334458,0.834625,0.9659340659340659,0.034065934065934056,0.6785276073619632,6153,217,1106,524,5747.0,HistGradientBoosting+sigmoid,sigmoid
0.6,0.7216494845360825,0.3006134969325153,0.42442615851017756,0.833875,0.9703296703296703,0.029670329670329676,0.6993865030674846,6181,189,1140,490,5889.0,HistGradientBoosting+sigmoid,sigmoid
0.61,0.7396351575456053,0.27361963190184047,0.3994626063591581,0.832375,0.975353218210361,0.024646781789638972,0.7263803680981595,6213,157,1184,446,6077.0,HistGradientBoosting+sigmoid,sigmoid
0.62,0.7580340264650284,0.2460122699386503,0.3714682723483094,0.830375,0.9799058084772371,0.020094191522762928,0.7539877300613497,6242,128,1229,401,6273.0,HistGradientBoosting+sigmoid,sigmoid
0.63,0.7688679245283019,0.2,0.31742940603700104,0.82475,0.9846153846153847,0.01538461538461533,0.8,6272,98,1304,326,6618.0,HistGradientBoosting+sigmoid,sigmoid
0.64,0.7982708933717579,0.16993865030674846,0.28022255943348506,0.822125,0.989010989010989,0.01098901098901095,0.8300613496932515,6300,70,1353,277,6835.0,HistGradientBoosting+sigmoid,sigmoid
0.65,0.8382838283828383,0.1558282208588957,0.2628039317123642,0.821875,0.9923076923076923,0.007692307692307665,0.8441717791411043,6321,49,1376,254,6929.0,HistGradientBoosting+sigmoid,sigmoid
0.66,0.8551236749116607,0.14846625766871166,0.2530057501306848,0.821375,0.993563579277865,0.006436420722135017,0.8515337423312883,6329,41,1388,242,6981.0,HistGradientBoosting+sigmoid,sigmoid
0.67,0.8849206349206349,0.13680981595092023,0.23698193411264612,0.8205,0.9954474097331241,0.004552590266875933,0.8631901840490798,6341,29,1407,223,7064.0,HistGradientBoosting+sigmoid,sigmoid
0.68,0.8940677966101694,0.1294478527607362,0.22615219721329047,0.8195,0.9960753532182104,0.003924646781789609,0.8705521472392638,6345,25,1419,211,7120.0,HistGradientBoosting+sigmoid,sigmoid
0.69,0.9,0.12147239263803682,0.21405405405405406,0.81825,0.9965463108320252,0.0034536891679748383,0.8785276073619632,6348,22,1432,198,7182.0,HistGradientBoosting+sigmoid,sigmoid
0.7,0.909952606635071,0.11779141104294479,0.2085822922324823,0.817875,0.9970172684458398,0.0029827315541601784,0.8822085889570552,6351,19,1438,192,7209.0,HistGradientBoosting+sigmoid,sigmoid
0.71,0.9134615384615384,0.1165644171779141,0.20674646354733403,0.81775,0.9971742543171115,0.002825745682888514,0.8834355828220859,6352,18,1440,190,7218.0,HistGradientBoosting+sigmoid,sigmoid
0.72,0.9170731707317074,0.11533742331288344,0.20490463215258853,0.817625,0.997331240188383,0.002668759811616961,0.8846625766871166,6353,17,1442,188,7227.0,HistGradientBoosting+sigmoid,sigmoid
0.73,0.9203980099502488,0.11349693251533742,0.2020753686510104,0.817375,0.9974882260596546,0.0025117739403454076,0.8865030674846626,6354,16,1445,185,7241.0,HistGradientBoosting+sigmoid,sigmoid
0.74,0.92,0.11288343558282209,0.20109289617486342,0.81725,0.9974882260596546,0.0025117739403454076,0.8871165644171779,6354,16,1446,184,7246.0,HistGradientBoosting+sigmoid,sigmoid
0.75,0.9195979899497487,0.11226993865030675,0.20010934937124114,0.817125,0.9974882260596546,0.0025117739403454076,0.8877300613496932,6354,16,1447,183,7251.0,HistGradientBoosting+sigmoid,sigmoid
0.76,0.9282051282051282,0.11104294478527607,0.19835616438356163,0.817125,0.9978021978021978,0.00219780219780219,0.8889570552147239,6356,14,1449,181,7259.0,HistGradientBoosting+sigmoid,sigmoid
0.77,0.9267015706806283,0.10858895705521472,0.1943986820428336,0.816625,0.9978021978021978,0.00219780219780219,0.8914110429447852,6356,14,1453,177,7279.0,HistGradientBoosting+sigmoid,sigmoid
0.78,0.9259259259259259,0.10736196319018405,0.19241341396371636,0.816375,0.9978021978021978,0.00219780219780219,0.8926380368098159,6356,14,1455,175,7289.0,HistGradientBoosting+sigmoid,sigmoid
0.79,0.9301075268817204,0.10613496932515337,0.1905286343612335,0.81625,0.9979591836734694,0.0020408163265306367,0.8938650306748466,6357,13,1457,173,7298.0,HistGradientBoosting+sigmoid,sigmoid
0.8,0.9322033898305084,0.10122699386503067,0.18262313226342003,0.815375,0.998116169544741,0.0018838304552589724,0.8987730061349694,6358,12,1465,165,7337.0,HistGradientBoosting+sigmoid,sigmoid
0.81,0.9393939393939394,0.0950920245398773,0.17270194986072424,0.814375,0.9984301412872841,0.0015698587127158659,0.9049079754601227,6360,10,1475,155,7385.0,HistGradientBoosting+sigmoid,sigmoid
0.82,0.9556962025316456,0.09263803680981596,0.16890380313199108,0.81425,0.9989010989010989,0.001098901098901095,0.907361963190184,6363,7,1479,151,7402.0,HistGradientBoosting+sigmoid,sigmoid
0.83,0.974025974025974,0.09202453987730061,0.1681614349775785,0.8145,0.9993720565149137,0.0006279434850863241,0.9079754601226994,6366,4,1480,150,7404.0,HistGradientBoosting+sigmoid,sigmoid
0.84,0.98,0.09018404907975461,0.16516853932584272,0.81425,0.9995290423861852,0.00047095761381477086,0.9098159509202454,6367,3,1483,147,7418.0,HistGradientBoosting+sigmoid,sigmoid
0.85,0.9863945578231292,0.08895705521472393,0.16319639842431066,0.814125,0.9996860282574568,0.0003139717425432176,0.911042944785276,6368,2,1485,145,7427.0,HistGradientBoosting+sigmoid,sigmoid
0.86,0.9863945578231292,0.08895705521472393,0.16319639842431066,0.814125,0.9996860282574568,0.0003139717425432176,0.911042944785276,6368,2,1485,145,7427.0,HistGradientBoosting+sigmoid,sigmoid
0.87,0.986013986013986,0.08650306748466258,0.15905245346869715,0.813625,0.9996860282574568,0.0003139717425432176,0.9134969325153375,6368,2,1489,141,7447.0,HistGradientBoosting+sigmoid,sigmoid
0.88,0.9928057553956835,0.08466257668711656,0.15602035048049745,0.813375,0.9998430141287284,0.00015698587127155328,0.9153374233128835,6369,1,1492,138,7461.0,HistGradientBoosting+sigmoid,sigmoid
0.89,0.9927536231884058,0.08404907975460123,0.15497737556561086,0.81325,0.9998430141287284,0.00015698587127155328,0.9159509202453988,6369,1,1493,137,7466.0,HistGradientBoosting+sigmoid,sigmoid
0.9,0.9924812030075187,0.08098159509202454,0.14974475326148612,0.812625,0.9998430141287284,0.00015698587127155328,0.9190184049079755,6369,1,1498,132,7491.0,HistGradientBoosting+sigmoid,sigmoid
0.91,0.9922480620155039,0.0785276073619632,0.14553723706651508,0.812125,0.9998430141287284,0.00015698587127155328,0.9214723926380368,6369,1,1502,128,7511.0,HistGradientBoosting+sigmoid,sigmoid
0.92,0.9913793103448276,0.0705521472392638,0.13172966781214204,0.8105,0.9998430141287284,0.00015698587127155328,0.9294478527607362,6369,1,1515,115,7576.0,HistGradientBoosting+sigmoid,sigmoid
0.93,0.9895833333333334,0.05828220858895705,0.11008111239860949,0.808,0.9998430141287284,0.00015698587127155328,0.941717791411043,6369,1,1535,95,7676.0,HistGradientBoosting+sigmoid,sigmoid
0.94,0.9852941176470589,0.041104294478527606,0.07891637220259128,0.8045,0.9998430141287284,0.00015698587127155328,0.9588957055214724,6369,1,1563,67,7816.0,HistGradientBoosting+sigmoid,sigmoid
0.95,1.0,0.026993865030674847,0.05256869772998805,0.80175,1.0,0.0,0.9730061349693252,6370,0,1586,44,7930.0,HistGradientBoosting+sigmoid,sigmoid
